{
  "project_info": {
    "project_number": "227866869026",
    "project_id": "clickingcookies-52b5f",
    "storage_bucket": "clickingcookies-52b5f.appspot.com"
  },
  "client": [
    {
      "client_info": {
        "mobilesdk_app_id": "1:227866869026:android:b0200f5f9ff4d354edb97b",
        "android_client_info": {
          "package_name": "edu.uncc.myapplication"
        }
      },
      "oauth_client": [],
      "api_key": [
        {
          "current_key": "AIzaSyCyak2MmXEXOPB9Qv144vNRD4_PgimBKwQ"
        }
      ],
      "services": {
        "appinvite_service": {
          "other_platform_oauth_client": []
        }
      }
    }
  ],
  "configuration_version": "1"
}